{
  "console": {
    "enable": true,
    "pattern": "[%D %T] [%L] (%S) %M",
    "level": "FINE"
  },
  "files": [{
    "enable": false,
    "level": "INFO",
    "filename":"logs/violinServing.log",
    "category": "TestRotate",
    "pattern": "[%D %T] [%L] (%S) %M",
    "rotate": true,
    "maxsize": "500M",
    "maxlines": "10K",
    "daily": true
  },{
    "enable": false,
    "level": "INFO",
    "filename":"logs/violinServing.log",
    "category": "TestRotate",
    "pattern": "[%D %T] [%C] [%L] (%S) %M",
    "rotate": true,
    "maxsize": "500M",
    "maxlines": "10K",
    "daily": true
  }]
}