[
  {
    "modelName": "a*b",
    "modelVersion": "1",
    "modelPath": "/export/model/graph.pb",
    "modelType": "tensorflow",
    "mode": "one",
    "sourceType":"local"
  },
  {
    "modelName": "forbid",
    "modelVersion": "1",
    "modelPath": "/export/model/BilstmCrf_cmtForbid.pb",
    "modelType": "tensorflow",
    "mode": "batch",
    "sourceType":"local"
  },
  {
  "modelName": "emotion",
  "modelVersion": "1",
  "modelPath": "/export/model/emotion.pb",
  "modelType": "tensorflow",
  "mode": "one",
  "sourceType":"local"
  }

]